city,County,RUCA code
ACAMPO,SAN JOAQUIN,3
ACAMPO,SAN JOAQUIN,1
ACTON,LOS ANGELES,2
ADELANTO,SAN BERNARDINO,1
AGOURA HILLS,LOS ANGELES,2
AGOURA HILLS,LOS ANGELES,1
AGOURA HILLS,VENTURA,1
ALAMEDA,ALAMEDA,1
ALAMO,CONTRA COSTA,1
ALBANY,ALAMEDA,1
ALHAMBRA,LOS ANGELES,1
ALISO VIEJO,ORANGE,1
ALPINE,SAN DIEGO,2
ALPINE,SAN DIEGO,1
ALTA,PLACER,2
ALTADENA,LOS ANGELES,1
ALTURAS,MODOC,7
ALVISO,SANTA CLARA,1
AMERICAN CANYON,NAPA,1
ANAHEIM,ORANGE,1
ANDERSON,SHASTA,2
ANDERSON,SHASTA,1
ANGELS CAMP,CALAVERAS,7
ANGELUS OAKS,SAN BERNARDINO,2
ANGWIN,NAPA,10
ANTELOPE,SACRAMENTO,1
ANTIOCH,CONTRA COSTA,1
ANZA,RIVERSIDE,3
APPLE VALLEY,SAN BERNARDINO,1
APPLE VALLEY,SAN BERNARDINO,3
APPLEGATE,PLACER,2
APTOS,SANTA CRUZ,1
ARBUCKLE,COLUSA,7
ARCADIA,LOS ANGELES,1
ARCATA,HUMBOLDT,4
ARNOLD,CALAVERAS,10
ARROYO GRANDE,SAN LUIS OBISPO,1
ARROYO GRANDE,SAN LUIS OBISPO,3
ARTESIA,LOS ANGELES,1
ARVIN,KERN,4
ATASCADERO,SAN LUIS OBISPO,1
ATHERTON,SAN MATEO,1
ATWATER,MERCED,1
AUBURN,PLACER,2
AUBURN,PLACER,4
AVALON,LOS ANGELES,7
AVALON,LOS ANGELES,2
AVENAL,KINGS,4
AZUSA,LOS ANGELES,1
BAKER,SAN BERNARDINO,6
BAKERSFIELD,KERN,1
BALDWIN PARK,LOS ANGELES,1
BALLICO,MERCED,1
BANNING,RIVERSIDE,2
BANNING,RIVERSIDE,1
BARSTOW,SAN BERNARDINO,4
BAYSIDE,HUMBOLDT,4
BEAUMONT,RIVERSIDE,1
BELL,LOS ANGELES,1
BELLFLOWER,LOS ANGELES,1
BELMONT,SAN MATEO,1
BELVEDERE TIBURON,MARIN,1
BEN LOMOND,SANTA CRUZ,1
BENICIA,SOLANO,1
BERKELEY,CONTRA COSTA,1
BERKELEY,ALAMEDA,1
BERRY CREEK,BUTTE,5
BEVERLY HILLS,LOS ANGELES,1
BIG BAR,TRINITY,10
BIG BEAR CITY,SAN BERNARDINO,2
BIG BEAR CITY,SAN BERNARDINO,4
BIG BEAR LAKE,SAN BERNARDINO,4
BIGGS,BUTTE,10
BISHOP,INYO,7
BISHOP,INYO,8
BISHOP,MONO,8
BLAIRSDEN-GRAEAGLE,PLUMAS,10
BLOCKSBURG,HUMBOLDT,10
BLOOMINGTON,SAN BERNARDINO,1
BLUE LAKE,HUMBOLDT,5
BLYTHE,RIVERSIDE,4
BLYTHE,RIVERSIDE,5
BONITA,SAN DIEGO,1
BONSALL,SAN DIEGO,1
BORON,KERN,10
BORREGO SPRINGS,SAN DIEGO,10
BOULDER CREEK,SANTA CRUZ,2
BOULDER CREEK,SANTA CRUZ,1
BRADLEY,MONTEREY,10
BRAWLEY,IMPERIAL,4
BRAWLEY,IMPERIAL,2
BREA,ORANGE,1
BRENTWOOD,CONTRA COSTA,3
BRENTWOOD,CONTRA COSTA,1
BRIDGEPORT,MONO,10
BRIDGEVILLE,HUMBOLDT,5
BRISBANE,SAN MATEO,1
BUENA PARK,ORANGE,1
BURBANK,LOS ANGELES,99
BURBANK,LOS ANGELES,1
BURLINGAME,SAN MATEO,1
BURNEY,SHASTA,7
BUTTONWILLOW,KERN,10
CALABASAS,LOS ANGELES,1
CALEXICO,IMPERIAL,1
CALIENTE,KERN,3
CALIFORNIA CITY,KERN,10
CALIFORNIA HOT SPRINGS,TULARE,7
CALIMESA,RIVERSIDE,1
CALIPATRIA,IMPERIAL,3
CALIPATRIA,IMPERIAL,2
CALISTOGA,NAPA,10
CALISTOGA,NAPA,7
CALPINE,SIERRA,10
CAMARILLO,VENTURA,1
CAMBRIA,SAN LUIS OBISPO,7
CAMBRIA,SAN LUIS OBISPO,10
CAMINO,EL DORADO,4
CAMP PENDLETON,SAN DIEGO,1
CAMPBELL,SANTA CLARA,1
CAMPO,SAN DIEGO,2
CANOGA PARK,LOS ANGELES,1
CANTUA CREEK,FRESNO,7
CANYON COUNTRY,LOS ANGELES,2
CAPISTRANO BEACH,ORANGE,1
CAPITOLA,SANTA CRUZ,1
CARDIFF BY THE SEA,SAN DIEGO,1
CARLSBAD,SAN DIEGO,1
CARMEL,MONTEREY,1
CARMEL,MONTEREY,2
CARMEL,MONTEREY,10
CARMEL VALLEY,MONTEREY,4
CARMEL VALLEY,MONTEREY,2
CARMICHAEL,SACRAMENTO,1
CARNELIAN BAY,PLACER,4
CARPINTERIA,SANTA BARBARA,1
CARSON,LOS ANGELES,99
CARSON,LOS ANGELES,1
CARUTHERS,FRESNO,2
CASSEL,SHASTA,10
CASTAIC,LOS ANGELES,2
CASTRO VALLEY,ALAMEDA,1
CASTROVILLE,MONTEREY,2
CASTROVILLE,MONTEREY,1
CATHEDRAL CITY,RIVERSIDE,1
CATHEYS VALLEY,MARIPOSA,10
CAYUCOS,SAN LUIS OBISPO,2
CAZADERO,SONOMA,2
CAZADERO,SONOMA,10
CEDARVILLE,MODOC,10
CERES,STANISLAUS,1
CERRITOS,LOS ANGELES,1
CHALLENGE,YUBA,2
CHANNEL IS AIR GUARD STATION,VENTURA,10
CHANNEL ISLANDS,SANTA BARBARA,10
CHATSWORTH,LOS ANGELES,1
CHESTER,PLUMAS,10
CHICO,BUTTE,1
CHINO,SAN BERNARDINO,1
CHINO HILLS,SAN BERNARDINO,1
CHOWCHILLA,MADERA,10
CHOWCHILLA,MADERA,4
CHUALAR,MONTEREY,2
CHULA VISTA,SAN DIEGO,1
CITRUS HEIGHTS,SACRAMENTO,1
CLAREMONT,LOS ANGELES,1
CLAYTON,CONTRA COSTA,1
CLEARLAKE,LAKE,4
CLEARLAKE OAKS,LAKE,4
CLOVERDALE,SONOMA,2
CLOVIS,FRESNO,1
CLOVIS,FRESNO,2
COACHELLA,RIVERSIDE,1
COALINGA,FRESNO,10
COALINGA,FRESNO,4
COARSEGOLD,MADERA,10
COARSEGOLD,MADERA,2
COLFAX,PLACER,2
COLTON,SAN BERNARDINO,1
COLUSA,COLUSA,7
COMPTCHE,MENDOCINO,10
COMPTON,LOS ANGELES,1
CONCORD,CONTRA COSTA,1
COPPEROPOLIS,CALAVERAS,10
CORCORAN,KINGS,4
CORNING,TEHAMA,7
CORNING,TEHAMA,3
CORONA,RIVERSIDE,1
CORONA DEL MAR,ORANGE,1
CORONADO,SAN DIEGO,1
CORTE MADERA,MARIN,1
COSTA MESA,ORANGE,1
COTATI,SONOMA,1
COTTONWOOD,TEHAMA,2
COTTONWOOD,SHASTA,2
COULTERVILLE,MARIPOSA,10
COVELO,MENDOCINO,10
COVINA,LOS ANGELES,1
CRESCENT CITY,DEL NORTE,4
CRESCENT CITY,DEL NORTE,5
CRESCENT MILLS,PLUMAS,8
CRESTLINE,SAN BERNARDINO,4
CULVER CITY,LOS ANGELES,1
CUPERTINO,SANTA CLARA,1
CUTLER,TULARE,3
CYPRESS,ORANGE,1
DALY CITY,SAN MATEO,1
DANA POINT,ORANGE,1
DANVILLE,CONTRA COSTA,1
DAVENPORT,SANTA CRUZ,2
DAVIS,YOLO,1
DAVIS CREEK,MODOC,10
DEATH VALLEY,INYO,10
DEL MAR,SAN DIEGO,1
DEL REY,FRESNO,2
DELANO,KERN,1
DELHI,MERCED,1
DENAIR,STANISLAUS,2
DENAIR,STANISLAUS,1
DESCANSO,SAN DIEGO,2
DESERT CENTER,RIVERSIDE,5
DESERT CENTER,RIVERSIDE,10
DESERT HOT SPRINGS,RIVERSIDE,1
DESERT HOT SPRINGS,RIVERSIDE,2
DIAMOND BAR,LOS ANGELES,1
DINUBA,TULARE,4
DINUBA,TULARE,6
DISCOVERY BAY,CONTRA COSTA,3
DIXON,YOLO,1
DIXON,SOLANO,4
DIXON,SOLANO,10
DOS PALOS,MERCED,10
DOS PALOS,MERCED,7
DOWNEY,LOS ANGELES,1
DUARTE,LOS ANGELES,1
DUBLIN,ALAMEDA,1
DUNNIGAN,YOLO,3
DUNSMUIR,SISKIYOU,8
DURHAM,BUTTE,2
EARLIMART,TULARE,3
EARLIMART,TULARE,4
EARP,SAN BERNARDINO,10
EDWARDS,KERN,10
EL CAJON,SAN DIEGO,1
EL CENTRO,IMPERIAL,2
EL CENTRO,IMPERIAL,1
EL CERRITO,CONTRA COSTA,1
EL DORADO,EL DORADO,2
EL DORADO HILLS,EL DORADO,1
EL MONTE,LOS ANGELES,1
EL SEGUNDO,LOS ANGELES,10
EL SEGUNDO,LOS ANGELES,1
EL SOBRANTE,CONTRA COSTA,1
ELDORADO NTL FOREST,EL DORADO,2
ELK,MENDOCINO,10
ELK CREEK,GLENN,10
ELK GROVE,SACRAMENTO,2
ELK GROVE,SACRAMENTO,1
ELVERTA,SACRAMENTO,1
EMERYVILLE,ALAMEDA,1
ENCINITAS,SAN DIEGO,1
ENCINO,LOS ANGELES,1
ESCALON,SAN JOAQUIN,3
ESCALON,SAN JOAQUIN,7
ESCONDIDO,SAN DIEGO,1
ESSEX,SAN BERNARDINO,7
EUREKA,HUMBOLDT,5
EUREKA,HUMBOLDT,4
EXETER,TULARE,1
FAIR OAKS,SACRAMENTO,1
FAIRFAX,MARIN,1
FAIRFAX,MARIN,2
FAIRFIELD,SOLANO,1
FALLBROOK,SAN DIEGO,1
FALLBROOK,SAN DIEGO,2
FARMERSVILLE,TULARE,1
FARMINGTON,STANISLAUS,2
FELTON,SANTA CRUZ,1
FERNDALE,HUMBOLDT,10
FIDDLETOWN,AMADOR,10
FILLMORE,VENTURA,6
FILLMORE,VENTURA,3
FIREBAUGH,FRESNO,7
FIREBAUGH,MADERA,10
FIREBAUGH,FRESNO,10
FOLSOM,SACRAMENTO,1
FONTANA,SAN BERNARDINO,1
FOOTHILL RANCH,ORANGE,1
FOREST RANCH,BUTTE,2
FORESTHILL,PLACER,2
FORESTVILLE,SONOMA,2
FORKS OF SALMON,SISKIYOU,10
FORT BRAGG,MENDOCINO,4
FORT IRWIN,SAN BERNARDINO,7
FORT JONES,SISKIYOU,10
FORTUNA,HUMBOLDT,4
FOUNTAIN VALLEY,ORANGE,1
FOWLER,FRESNO,4
FRAZIER PARK,KERN,10
FRAZIER PARK,KERN,3
FREMONT,ALAMEDA,1
FRENCH CAMP,SAN JOAQUIN,1
FRESNO,FRESNO,1
FRESNO,FRESNO,4
FRESNO,FRESNO,2
FULLERTON,ORANGE,1
GALT,SACRAMENTO,2
GARBERVILLE,HUMBOLDT,10
GARDEN GROVE,ORANGE,1
GARDENA,LOS ANGELES,1
GEORGETOWN,EL DORADO,2
GERBER,TEHAMA,4
GEYSERVILLE,SONOMA,2
GILROY,SANTA CLARA,10
GILROY,SANTA CLARA,2
GLEN ELLEN,SONOMA,4
GLENDALE,LOS ANGELES,1
GLENDORA,LOS ANGELES,1
GLENN,GLENN,10
GOLETA,SANTA BARBARA,1
GONZALES,MONTEREY,2
GRANADA HILLS,LOS ANGELES,1
GRAND TERRACE,SAN BERNARDINO,1
GRANITE BAY,PLACER,1
GRASS VALLEY,NEVADA,6
GRASS VALLEY,NEVADA,3
GRASS VALLEY,NEVADA,10
GRASS VALLEY,NEVADA,5
GRASS VALLEY,NEVADA,4
GREENBRAE,MARIN,1
GREENFIELD,MONTEREY,4
GRIDLEY,BUTTE,7
GROVER BEACH,SAN LUIS OBISPO,1
GUERNEVILLE,SONOMA,2
GUSTINE,MERCED,7
HACIENDA HEIGHTS,LOS ANGELES,1
HALF MOON BAY,SAN MATEO,4
HANFORD,KINGS,10
HANFORD,KINGS,1
HARBOR CITY,LOS ANGELES,1
HAWAIIAN GARDENS,LOS ANGELES,1
HAWTHORNE,LOS ANGELES,1
HAYFORK,TRINITY,10
HAYWARD,ALAMEDA,1
HEALDSBURG,SONOMA,2
HEALDSBURG,SONOMA,1
HEMET,RIVERSIDE,1
HERALD,SACRAMENTO,2
HERCULES,CONTRA COSTA,1
HERLONG,LASSEN,2
HERMOSA BEACH,LOS ANGELES,1
HESPERIA,SAN BERNARDINO,1
HIGHLAND,SAN BERNARDINO,1
HILMAR,MERCED,7
HINKLEY,SAN BERNARDINO,2
HINKLEY,SAN BERNARDINO,4
HOLLISTER,SAN BENITO,10
HOLLISTER,SAN BENITO,4
HOLTVILLE,IMPERIAL,2
HOMELAND,RIVERSIDE,1
HOOPA,HUMBOLDT,10
HOPLAND,MENDOCINO,5
HORNBROOK,SISKIYOU,9
HUGHSON,STANISLAUS,1
HUNTINGTON BEACH,ORANGE,1
HUNTINGTON PARK,LOS ANGELES,1
HURON,FRESNO,7
IDYLLWILD,RIVERSIDE,10
IGO,SHASTA,2
IMPERIAL,IMPERIAL,1
IMPERIAL BEACH,SAN DIEGO,1
INDEPENDENCE,INYO,8
INDIAN WELLS,RIVERSIDE,1
INDIO,RIVERSIDE,1
INGLEWOOD,LOS ANGELES,1
IONE,AMADOR,3
IRVINE,ORANGE,1
ISLETON,SACRAMENTO,10
JACKSON,AMADOR,7
JAMESTOWN,TUOLUMNE,2
JAMESTOWN,TUOLUMNE,10
JAMESTOWN,TUOLUMNE,4
JAMUL,SAN DIEGO,1
JANESVILLE,LASSEN,5
JOSHUA TREE,SAN BERNARDINO,4
JOSHUA TREE,SAN BERNARDINO,6
JULIAN,SAN DIEGO,10
KELSEYVILLE,LAKE,5
KELSEYVILLE,LAKE,3
KERMAN,FRESNO,10
KERMAN,FRESNO,2
KETTLEMAN CITY,KINGS,10
KING CITY,MONTEREY,4
KINGS BEACH,PLACER,4
KINGS CANYON NATIONAL PK,FRESNO,2
KINGSBURG,FRESNO,4
KINGSBURG,TULARE,3
KLAMATH,DEL NORTE,10
KORBEL,HUMBOLDT,4
KYBURZ,EL DORADO,2
LA CANADA FLINTRIDGE,LOS ANGELES,1
LA CANADA FLINTRIDGE,LOS ANGELES,2
LA CRESCENTA,LOS ANGELES,1
LA HABRA,ORANGE,1
LA HABRA,LOS ANGELES,1
LA JOLLA,SAN DIEGO,1
LA MESA,SAN DIEGO,1
LA MIRADA,LOS ANGELES,1
LA PALMA,ORANGE,1
LA PUENTE,LOS ANGELES,1
LA QUINTA,RIVERSIDE,1
LA VERNE,LOS ANGELES,1
LADERA RANCH,ORANGE,1
LAFAYETTE,CONTRA COSTA,1
LAGUNA BEACH,ORANGE,1
LAGUNA HILLS,ORANGE,1
LAGUNA NIGUEL,ORANGE,1
LAGUNA WOODS,ORANGE,1
LAKE ARROWHEAD,SAN BERNARDINO,4
LAKE ELSINORE,RIVERSIDE,1
LAKE FOREST,ORANGE,1
LAKE HUGHES,LOS ANGELES,2
LAKEHEAD,SHASTA,2
LAKEPORT,LAKE,5
LAKEPORT,LAKE,4
LAKESIDE,SAN DIEGO,2
LAKESIDE,SAN DIEGO,1
LAKEWOOD,LOS ANGELES,1
LAMONT,KERN,1
LANCASTER,LOS ANGELES,1
LANCASTER,LOS ANGELES,3
LANCASTER,LOS ANGELES,10
LANCASTER,LOS ANGELES,2
LANDERS,SAN BERNARDINO,10
LANDERS,SAN BERNARDINO,5
LARKSPUR,MARIN,1
LATHROP,SAN JOAQUIN,1
LATON,FRESNO,10
LAWNDALE,LOS ANGELES,1
LE GRAND,MERCED,10
LEBEC,VENTURA,10
LEGGETT,MENDOCINO,10
LEMON GROVE,SAN DIEGO,1
LEMOORE,KINGS,2
LEMOORE,KINGS,7
LEMOORE,KINGS,1
LEWISTON,TRINITY,10
LINCOLN,PLACER,1
LINCOLN,PLACER,2
LINDEN,SAN JOAQUIN,10
LINDSAY,TULARE,4
LITCHFIELD,LASSEN,10
LITTLEROCK,LOS ANGELES,1
LIVE OAK,SUTTER,2
LIVERMORE,ALAMEDA,1
LIVERMORE,ALAMEDA,2
LIVINGSTON,MERCED,1
LIVINGSTON,MERCED,2
LLANO,LOS ANGELES,3
LOCKEFORD,SAN JOAQUIN,2
LODI,SAN JOAQUIN,3
LODI,SAN JOAQUIN,10
LODI,SAN JOAQUIN,2
LODI,SAN JOAQUIN,1
LOLETA,HUMBOLDT,4
LOMA LINDA,SAN BERNARDINO,1
LOMITA,LOS ANGELES,1
LOMPOC,SANTA BARBARA,7
LOMPOC,SANTA BARBARA,1
LONG BARN,TUOLUMNE,5
LONG BARN,TUOLUMNE,4
LONG BEACH,LOS ANGELES,99
LONG BEACH,LOS ANGELES,1
LOOMIS,PLACER,1
LOS ALAMITOS,ORANGE,1
LOS ALTOS,SANTA CLARA,1
LOS ANGELES,LOS ANGELES,1
LOS ANGELES,LOS ANGELES,2
LOS BANOS,MERCED,4
LOS BANOS,MERCED,10
LOS GATOS,SANTA CRUZ,2
LOS GATOS,SANTA CLARA,1
LOS OLIVOS,SANTA BARBARA,4
LOS OSOS,SAN LUIS OBISPO,2
LOS PADRES NTL FOREST,SANTA BARBARA,10
LOST HILLS,KERN,10
LOWER LAKE,LAKE,4
LUCERNE VALLEY,SAN BERNARDINO,10
LUCERNE VALLEY,SAN BERNARDINO,2
LYNWOOD,LOS ANGELES,1
LYTLE CREEK,SAN BERNARDINO,2
MACDOEL,SISKIYOU,10
MADERA,MADERA,2
MADERA,MADERA,1
MAGALIA,BUTTE,4
MALIBU,LOS ANGELES,1
MALIBU,LOS ANGELES,2
MAMMOTH LAKES,MONO,7
MANHATTAN BEACH,LOS ANGELES,1
MANTECA,SAN JOAQUIN,1
MARCH AIR RESERVE BASE,RIVERSIDE,1
MARICOPA,KERN,5
MARINA,MONTEREY,1
MARINA DEL REY,LOS ANGELES,1
MARIPOSA,MARIPOSA,10
MARKLEEVILLE,ALPINE,10
MARTINEZ,CONTRA COSTA,1
MARYSVILLE,YUBA,10
MARYSVILLE,YUBA,2
MARYSVILLE,YUBA,1
MATHER,SACRAMENTO,1
MAYWOOD,LOS ANGELES,1
MC FARLAND,KERN,1
MC FARLAND,KERN,3
MC KITTRICK,KERN,2
MCARTHUR,MODOC,10
MCARTHUR,LASSEN,5
MCCLELLAN,SACRAMENTO,1
MCKINLEYVILLE,HUMBOLDT,4
MEADOW VISTA,PLACER,3
MECCA,RIVERSIDE,2
MENDOCINO NTL FOREST,LAKE,4
MENDOTA,FRESNO,4
MENIFEE,RIVERSIDE,1
MENLO PARK,SAN MATEO,1
MENTONE,SAN BERNARDINO,1
MERCED,MERCED,1
MERCED,MERCED,2
MERIDIAN,SUTTER,3
MI WUK VILLAGE,TUOLUMNE,10
MIDDLETOWN,LAKE,2
MIDWAY CITY,ORANGE,1
MILL VALLEY,MARIN,1
MILLBRAE,SAN MATEO,1
MILPITAS,SANTA CLARA,1
MIRA LOMA,RIVERSIDE,1
MISSION HILLS,LOS ANGELES,1
MISSION VIEJO,ORANGE,1
MODESTO,STANISLAUS,2
MODESTO,STANISLAUS,1
MODOC SHASTA KLAMATH FOR,SISKIYOU,8
MOJAVE,KERN,7
MONROVIA,LOS ANGELES,1
MONTAGUE,SISKIYOU,8
MONTCLAIR,SAN BERNARDINO,1
MONTEBELLO,LOS ANGELES,1
MONTEREY,MONTEREY,1
MONTEREY PARK,LOS ANGELES,1
MONTGOMERY CREEK,SHASTA,2
MONTROSE,LOS ANGELES,1
MOORPARK,VENTURA,2
MOORPARK,VENTURA,1
MORAGA,CONTRA COSTA,1
MORENO VALLEY,RIVERSIDE,1
MORGAN HILL,SANTA CLARA,2
MORGAN HILL,SANTA CLARA,1
MORONGO VALLEY,SAN BERNARDINO,2
MORONGO VALLEY,SAN BERNARDINO,4
MORRO BAY,SAN LUIS OBISPO,2
MOSS BEACH,SAN MATEO,4
MOSS LANDING,MONTEREY,1
MOUNT SHASTA,SISKIYOU,7
MOUNTAIN CENTER,RIVERSIDE,10
MOUNTAIN RANCH,CALAVERAS,10
MOUNTAIN VIEW,SANTA CLARA,1
MURPHYS,CALAVERAS,10
MURRIETA,RIVERSIDE,1
NAPA,NAPA,1
NAPA,NAPA,2
NAPA,NAPA,3
NATIONAL CITY,SAN DIEGO,1
NEEDLES,SAN BERNARDINO,7
NEVADA CITY,NEVADA,4
NEVADA CITY,NEVADA,5
NEWARK,ALAMEDA,1
NEWBURY PARK,VENTURA,1
NEWCASTLE,PLACER,2
NEWHALL,LOS ANGELES,2
NEWMAN,STANISLAUS,3
NEWMAN,STANISLAUS,4
NEWPORT BEACH,ORANGE,1
NEWPORT COAST,ORANGE,1
NICE,LAKE,4
NICOLAUS,SUTTER,2
NIPOMO,SAN LUIS OBISPO,1
NIPOMO,SAN LUIS OBISPO,3
NORCO,RIVERSIDE,1
NORDEN,PLACER,10
NORTH HIGHLANDS,SACRAMENTO,1
NORTH HILLS,LOS ANGELES,1
NORTH HOLLYWOOD,LOS ANGELES,1
NORTHRIDGE,LOS ANGELES,1
NORWALK,LOS ANGELES,1
NOVATO,MARIN,2
NOVATO,MARIN,1
NUEVO,RIVERSIDE,1
OAK PARK,VENTURA,1
OAK VIEW,VENTURA,1
OAKDALE,STANISLAUS,1
OAKHURST,MADERA,10
OAKHURST,MADERA,7
OAKLAND,ALAMEDA,1
OAKLEY,CONTRA COSTA,1
OCCIDENTAL,SONOMA,2
OCEANO,SAN LUIS OBISPO,1
OCEANSIDE,SAN DIEGO,1
OJAI,VENTURA,1
OLIVEHURST,YUBA,2
OLIVEHURST,YUBA,1
ONTARIO,SAN BERNARDINO,1
ORANGE,ORANGE,1
ORANGE COVE,TULARE,2
ORANGE COVE,FRESNO,7
ORANGEVALE,SACRAMENTO,1
ORINDA,CONTRA COSTA,1
ORLAND,GLENN,7
ORLAND,GLENN,2
OROSI,TULARE,3
OROVILLE,BUTTE,5
OROVILLE,BUTTE,4
OXNARD,VENTURA,1
PACIFIC GROVE,MONTEREY,1
PACIFIC PALISADES,LOS ANGELES,2
PACIFIC PALISADES,LOS ANGELES,1
PACIFICA,SAN MATEO,1
PACOIMA,LOS ANGELES,1
PAICINES,SAN BENITO,6
PALM DESERT,RIVERSIDE,1
PALM SPRINGS,RIVERSIDE,1
PALMDALE,LOS ANGELES,1
PALMDALE,LOS ANGELES,10
PALMDALE,LOS ANGELES,2
PALO ALTO,SANTA CLARA,1
PALO ALTO,SAN MATEO,1
PALO CEDRO,SHASTA,2
PALOS VERDES PENINSULA,LOS ANGELES,1
PANORAMA CITY,LOS ANGELES,1
PARADISE,BUTTE,4
PARAMOUNT,LOS ANGELES,1
PARLIER,FRESNO,3
PASADENA,LOS ANGELES,1
PASO ROBLES,SAN LUIS OBISPO,1
PASO ROBLES,SAN LUIS OBISPO,2
PATTERSON,STANISLAUS,10
PATTERSON,STANISLAUS,4
PAUMA VALLEY,SAN DIEGO,2
PEBBLE BEACH,MONTEREY,1
PENN VALLEY,NEVADA,5
PENNGROVE,SONOMA,1
PENRYN,PLACER,1
PERRIS,RIVERSIDE,1
PERRIS,RIVERSIDE,2
PESCADERO,SAN MATEO,10
PETALUMA,SONOMA,10
PETALUMA,MARIN,10
PETALUMA,SONOMA,1
PETALUMA,SONOMA,2
PHELAN,SAN BERNARDINO,3
PHELAN,SAN BERNARDINO,2
PHELAN,SAN BERNARDINO,1
PHILO,MENDOCINO,10
PICO RIVERA,LOS ANGELES,1
PILOT HILL,EL DORADO,2
PINE GROVE,AMADOR,10
PINOLE,CONTRA COSTA,1
PINON HILLS,SAN BERNARDINO,3
PIONEER,AMADOR,10
PISMO BEACH,SAN LUIS OBISPO,1
PITTSBURG,CONTRA COSTA,1
PIXLEY,TULARE,4
PLACENTIA,ORANGE,1
PLACERVILLE,EL DORADO,2
PLACERVILLE,EL DORADO,4
PLAYA DEL REY,LOS ANGELES,1
PLEASANT HILL,CONTRA COSTA,1
PLEASANTON,ALAMEDA,2
PLEASANTON,ALAMEDA,1
PLYMOUTH,AMADOR,3
POINT ARENA,MENDOCINO,10
POINT MUGU NAWC,VENTURA,1
POINT REYES STATION,MARIN,10
POLLOCK PINES,EL DORADO,4
POLLOCK PINES,EL DORADO,5
POMONA,LOS ANGELES,1
PORT HUENEME,VENTURA,1
PORT HUENEME CBC BASE,VENTURA,1
PORTER RANCH,LOS ANGELES,1
PORTERVILLE,TULARE,3
PORTERVILLE,TULARE,1
PORTOLA,PLUMAS,2
PORTOLA VALLEY,SAN MATEO,1
POTTER VALLEY,MENDOCINO,5
POWAY,SAN DIEGO,1
QUINCY,PLUMAS,7
RAMONA,SAN DIEGO,2
RAMONA,SAN DIEGO,1
RANCHO CORDOVA,SACRAMENTO,1
RANCHO CUCAMONGA,SAN BERNARDINO,1
RANCHO MIRAGE,RIVERSIDE,1
RANCHO PALOS VERDES,LOS ANGELES,1
RANCHO SANTA FE,SAN DIEGO,1
RANCHO SANTA MARGARITA,ORANGE,1
RAYMOND,MADERA,10
RED BLUFF,TEHAMA,4
RED BLUFF,TEHAMA,5
REDDING,SHASTA,1
REDDING,SHASTA,2
REDLANDS,SAN BERNARDINO,1
REDONDO BEACH,LOS ANGELES,1
REDWOOD CITY,SAN MATEO,4
REDWOOD CITY,SAN MATEO,1
REDWOOD CITY,SAN MATEO,2
REDWOOD VALLEY,MENDOCINO,4
REEDLEY,FRESNO,4
REEDLEY,FRESNO,3
REEDLEY,FRESNO,7
RESCUE,EL DORADO,1
RESEDA,LOS ANGELES,1
RIALTO,SAN BERNARDINO,1
RICHMOND,CONTRA COSTA,1
RIDGECREST,SAN BERNARDINO,10
RIDGECREST,KERN,4
RIO LINDA,SACRAMENTO,1
RIO VISTA,SOLANO,7
RIPON,SAN JOAQUIN,1
RIVERBANK,STANISLAUS,1
RIVERDALE,FRESNO,7
RIVERSIDE,RIVERSIDE,1
ROCKLIN,PLACER,1
RODEO,CONTRA COSTA,1
ROHNERT PARK,SONOMA,1
ROSAMOND,KERN,10
ROSAMOND,KERN,2
ROSEMEAD,LOS ANGELES,1
ROSEVILLE,PLACER,1
ROUGH AND READY,NEVADA,5
ROWLAND HEIGHTS,LOS ANGELES,1
RUNNING SPRINGS,SAN BERNARDINO,2
SACRAMENTO,SACRAMENTO,2
SACRAMENTO,SACRAMENTO,1
SACRAMENTO,YOLO,1
SAINT HELENA,NAPA,7
SAINT HELENA,NAPA,10
SALINAS,MONTEREY,1
SALINAS,MONTEREY,10
SAN ANSELMO,MARIN,1
SAN BERNARDINO,SAN BERNARDINO,10
SAN BERNARDINO,SAN BERNARDINO,4
SAN BERNARDINO,SAN BERNARDINO,1
SAN BRUNO,SAN MATEO,1
SAN CARLOS,SAN MATEO,1
SAN CLEMENTE,ORANGE,1
SAN DIEGO,SAN DIEGO,1
SAN DIMAS,LOS ANGELES,1
SAN FERNANDO,LOS ANGELES,1
SAN FRANCISCO,SAN FRANCISCO,1
SAN FRANCISCO,SAN MATEO,10
SAN GABRIEL,LOS ANGELES,1
SAN GERONIMO,MARIN,1
SAN JACINTO,RIVERSIDE,1
SAN JOSE,SANTA CLARA,1
SAN JUAN BAUTISTA,SAN BENITO,3
SAN JUAN CAPISTRANO,ORANGE,1
SAN LEANDRO,ALAMEDA,1
SAN LORENZO,ALAMEDA,1
SAN LUIS OBISPO,SAN LUIS OBISPO,1
SAN MARCOS,SAN DIEGO,1
SAN MARINO,LOS ANGELES,1
SAN MARTIN,SANTA CLARA,2
SAN MATEO,SAN MATEO,1
SAN PABLO,CONTRA COSTA,1
SAN PEDRO,LOS ANGELES,1
SAN QUENTIN,MARIN,1
SAN RAFAEL,MARIN,1
SAN RAMON,CONTRA COSTA,1
SAN YSIDRO,SAN DIEGO,1
SANGER,FRESNO,2
SANGER,FRESNO,1
SANTA ANA,ORANGE,1
SANTA BARBARA,SANTA BARBARA,1
SANTA BARBARA,SANTA BARBARA,4
SANTA CLARA,SANTA CLARA,1
SANTA CLARITA,LOS ANGELES,2
SANTA CRUZ,SANTA CRUZ,1
SANTA FE SPRINGS,LOS ANGELES,1
SANTA MARGARITA,SAN LUIS OBISPO,1
SANTA MARIA,SANTA BARBARA,1
SANTA MARIA,SANTA BARBARA,4
SANTA MARIA,SANTA BARBARA,2
SANTA MONICA,LOS ANGELES,1
SANTA PAULA,VENTURA,2
SANTA PAULA,VENTURA,1
SANTA ROSA,SONOMA,1
SANTEE,SAN DIEGO,1
SARATOGA,SANTA CLARA,1
SAUSALITO,MARIN,1
SCOTIA,HUMBOLDT,7
SCOTTS VALLEY,SANTA CRUZ,1
SEAL BEACH,ORANGE,1
SEASIDE,MONTEREY,1
SEBASTOPOL,SONOMA,2
SEBASTOPOL,SONOMA,1
SELMA,FRESNO,2
SELMA,FRESNO,4
SELMA,FRESNO,3
SHAFTER,KERN,2
SHANDON,SAN LUIS OBISPO,2
SHASTA LAKE,SHASTA,1
SHAVER LAKE,FRESNO,10
SHERMAN OAKS,LOS ANGELES,1
SHINGLE SPRINGS,EL DORADO,1
SHINGLETOWN,SHASTA,2
SIERRA MADRE,LOS ANGELES,1
SIGNAL HILL,LOS ANGELES,1
SILVERADO,ORANGE,2
SIMI VALLEY,VENTURA,1
SLOUGHHOUSE,SACRAMENTO,2
SNELLING,MERCED,2
SODA SPRINGS,NEVADA,5
SOLANA BEACH,SAN DIEGO,1
SOLEDAD,MONTEREY,4
SOLVANG,SANTA BARBARA,4
SOMERSET,EL DORADO,2
SOMES BAR,SISKIYOU,10
SOMIS,VENTURA,2
SOMIS,VENTURA,1
SONOMA,SONOMA,10
SONOMA,SONOMA,4
SONORA,TUOLUMNE,4
SOQUEL,SANTA CRUZ,1
SOUTH EL MONTE,LOS ANGELES,1
SOUTH GATE,LOS ANGELES,1
SOUTH LAKE TAHOE,EL DORADO,6
SOUTH LAKE TAHOE,EL DORADO,4
SOUTH PASADENA,LOS ANGELES,1
SOUTH SAN FRANCISCO,SAN MATEO,1
SOUTHEAST TRINITY COUNTY,TRINITY,10
SPRING VALLEY,SAN DIEGO,1
SPRINGVILLE,TULARE,10
STANFORD,SANTA CLARA,1
STANTON,ORANGE,1
STEVENSON RANCH,LOS ANGELES,2
STEVINSON,MERCED,9
STINSON BEACH,MARIN,10
STOCKTON,SAN JOAQUIN,10
STOCKTON,SAN JOAQUIN,1
STONYFORD,COLUSA,10
STRATHMORE,TULARE,1
STRAWBERRY VALLEY,PLUMAS,8
STUDIO CITY,LOS ANGELES,1
SUISUN CITY,SOLANO,1
SUN CITY,RIVERSIDE,1
SUN VALLEY,LOS ANGELES,10
SUN VALLEY,LOS ANGELES,1
SUNLAND,LOS ANGELES,1
SUNNYVALE,SANTA CLARA,1
SUNSET BEACH,ORANGE,1
SUSANVILLE,LASSEN,4
SUSANVILLE,LASSEN,5
SUTTER CREEK,AMADOR,7
SYLMAR,LOS ANGELES,1
SYLMAR,LOS ANGELES,2
TAFT,KERN,4
TAHOE CITY,PLACER,10
TAHOMA,PLACER,10
TARZANA,LOS ANGELES,1
TEHACHAPI,KERN,2
TEHACHAPI,KERN,6
TEHACHAPI,KERN,4
TEMECULA,RIVERSIDE,1
TEMECULA,RIVERSIDE,2
TEMPLE CITY,LOS ANGELES,1
TEMPLETON,SAN LUIS OBISPO,1
TERMO,LASSEN,10
THERMAL,IMPERIAL,2
THERMAL,RIVERSIDE,1
THERMAL,RIVERSIDE,2
THOUSAND OAKS,VENTURA,1
THOUSAND OAKS,LOS ANGELES,1
THOUSAND PALMS,RIVERSIDE,1
THOUSAND PALMS,RIVERSIDE,2
THREE RIVERS,TULARE,2
TIPTON,TULARE,3
TOPANGA,LOS ANGELES,1
TORRANCE,LOS ANGELES,1
TORRANCE,LOS ANGELES,99
TRABUCO CANYON,ORANGE,1
TRACY,SAN JOAQUIN,1
TRACY,SAN JOAQUIN,3
TRAVIS AFB,SOLANO,10
TRAVIS AFB,SOLANO,1
TRINIDAD,HUMBOLDT,5
TRUCKEE,NEVADA,5
TRUCKEE,PLACER,4
TRUCKEE,NEVADA,4
TUJUNGA,LOS ANGELES,2
TUJUNGA,LOS ANGELES,1
TULARE,TULARE,1
TULARE,TULARE,2
TURLOCK,STANISLAUS,1
TURLOCK,STANISLAUS,10
TUSTIN,ORANGE,1
TWENTYNINE PALMS,SAN BERNARDINO,7
TWENTYNINE PALMS,SAN BERNARDINO,8
UKIAH,MENDOCINO,4
UNION CITY,ALAMEDA,1
UNIVERSAL CITY,LOS ANGELES,99
UPLAND,SAN BERNARDINO,1
VACAVILLE,SOLANO,2
VACAVILLE,SOLANO,1
VALENCIA,LOS ANGELES,2
VALLEJO,SOLANO,1
VALLEY CENTER,SAN DIEGO,2
VALLEY SPRINGS,CALAVERAS,3
VALLEY VILLAGE,LOS ANGELES,1
VALYERMO,LOS ANGELES,2
VAN NUYS,LOS ANGELES,1
VENICE,LOS ANGELES,1
VENTURA,VENTURA,2
VENTURA,VENTURA,1
VICTORVILLE,SAN BERNARDINO,1
VILLA PARK,ORANGE,1
VISALIA,TULARE,1
VISTA,SAN DIEGO,1
WALNUT,LOS ANGELES,1
WALNUT CREEK,CONTRA COSTA,1
WALNUT GROVE,SACRAMENTO,2
WARNER SPRINGS,SAN DIEGO,10
WASCO,KERN,4
WATERFORD,STANISLAUS,2
WATSONVILLE,SANTA CRUZ,1
WATSONVILLE,MONTEREY,2
WATSONVILLE,MONTEREY,1
WATSONVILLE,SANTA CRUZ,2
WEED,SISKIYOU,7
WELDON,KERN,8
WEST COVINA,LOS ANGELES,1
WEST HILLS,VENTURA,1
WEST HILLS,LOS ANGELES,1
WEST HOLLYWOOD,LOS ANGELES,1
WEST SACRAMENTO,YOLO,1
WESTLAKE VILLAGE,LOS ANGELES,1
WESTLAKE VILLAGE,VENTURA,1
WESTMINSTER,ORANGE,1
WESTMORLAND,IMPERIAL,10
WHEATLAND,YUBA,2
WHITE WATER,RIVERSIDE,2
WHITTIER,LOS ANGELES,1
WILDOMAR,RIVERSIDE,1
WILLIAMS,COLUSA,8
WILLITS,MENDOCINO,7
WILLOWS,GLENN,7
WILMINGTON,LOS ANGELES,1
WILSEYVILLE,CALAVERAS,10
WILTON,SACRAMENTO,2
WINCHESTER,RIVERSIDE,1
WINDSOR,SONOMA,1
WINNETKA,LOS ANGELES,1
WINTERHAVEN,IMPERIAL,1
WINTERHAVEN,IMPERIAL,10
WINTERS,YOLO,7
WINTON,MERCED,1
WOFFORD HEIGHTS,KERN,10
WOFFORD HEIGHTS,KERN,7
WOODLAKE,TULARE,2
WOODLAND,YOLO,1
WOODLAND HILLS,LOS ANGELES,1
WRIGHTWOOD,SAN BERNARDINO,3
YORBA LINDA,ORANGE,1
YOSEMITE NATIONAL PARK,MARIPOSA,10
YOSEMITE NTL PARK,TUOLUMNE,10
YOUNTVILLE,NAPA,7
YREKA,SISKIYOU,8
YREKA,SISKIYOU,7
YUBA CITY,SUTTER,1
YUBA CITY,SUTTER,2
YUCAIPA,SAN BERNARDINO,1
YUCCA VALLEY,SAN BERNARDINO,4
ZAMORA,YOLO,2
